"Endogenous","Exogenous","Scale","Direction","Test","Statistic","p_value","p_value_fdr","Significant_Original","Significant_FDR"
"Unemployment Rate","EPU","D1","X_to_Y","Linear_F",0.9997,0.3691,0.5001,"No","No"
"Unemployment Rate","EPU","D1","Y_to_X","Linear_F",0.0639,0.9381,0.9496,"No","No"
"Unemployment Rate","EPU","D1","X_to_Y","NN_GC",0.1245,1,1,"No","No"
"Unemployment Rate","EPU","D1","Y_to_X","NN_GC",-0.0035,1,1,"No","No"
"Unemployment Rate","EPU","D2","X_to_Y","Linear_F",4.141,0.0168,0.048,"Yes","Yes"
"Unemployment Rate","EPU","D2","Y_to_X","Linear_F",2.8054,0.062,0.2067,"Yes","No"
"Unemployment Rate","EPU","D2","X_to_Y","NN_GC",0.4695,0.9601,1,"No","No"
"Unemployment Rate","EPU","D2","Y_to_X","NN_GC",0.1655,0.9999,1,"No","No"
"Unemployment Rate","EPU","D3","X_to_Y","Linear_F",8.0664,4e-04,0.0017,"Yes","Yes"
"Unemployment Rate","EPU","D3","Y_to_X","Linear_F",1.818,0.164,0.3644,"No","No"
"Unemployment Rate","EPU","D3","X_to_Y","NN_GC",0.2312,0.9993,1,"No","No"
"Unemployment Rate","EPU","D3","Y_to_X","NN_GC",0.0121,1,1,"No","No"
"Unemployment Rate","EPU","D4","X_to_Y","Linear_F",3.0566,0.0484,0.1019,"Yes","No"
"Unemployment Rate","EPU","D4","Y_to_X","Linear_F",2.5446,0.0801,0.2347,"Yes","No"
"Unemployment Rate","EPU","D4","X_to_Y","NN_GC",0.8259,0.6558,1,"No","No"
"Unemployment Rate","EPU","D4","Y_to_X","NN_GC",0.0379,1,1,"No","No"
"Unemployment Rate","EPU","D5","X_to_Y","Linear_F",0.0064,0.9936,0.9936,"No","No"
"Unemployment Rate","EPU","D5","Y_to_X","Linear_F",4.4216,0.0128,0.0587,"Yes","Yes"
"Unemployment Rate","EPU","D5","X_to_Y","NN_GC",0.3176,0.9949,1,"No","No"
"Unemployment Rate","EPU","D5","Y_to_X","NN_GC",0.2358,0.9992,1,"No","No"
"Unemployment Rate","EPU","D6","X_to_Y","Linear_F",4.4474,0.0124,0.0372,"Yes","Yes"
"Unemployment Rate","EPU","D6","Y_to_X","Linear_F",0.2955,0.7444,0.8427,"No","No"
"Unemployment Rate","EPU","D6","X_to_Y","NN_GC",-0.0307,1,1,"No","No"
"Unemployment Rate","EPU","D6","Y_to_X","NN_GC",0.0874,1,1,"No","No"
"Unemployment Rate","GPR","D1","X_to_Y","Linear_F",0.2037,0.8158,0.8613,"No","No"
"Unemployment Rate","GPR","D1","Y_to_X","Linear_F",1.9385,0.1456,0.3322,"No","No"
"Unemployment Rate","GPR","D1","X_to_Y","NN_GC",0.1513,1,1,"No","No"
"Unemployment Rate","GPR","D1","Y_to_X","NN_GC",-0.0114,1,1,"No","No"
"Unemployment Rate","GPR","D2","X_to_Y","Linear_F",0.0788,0.9242,0.9479,"No","No"
"Unemployment Rate","GPR","D2","Y_to_X","Linear_F",0.873,0.4187,0.628,"No","No"
"Unemployment Rate","GPR","D2","X_to_Y","NN_GC",0.5295,0.9309,1,"No","No"
"Unemployment Rate","GPR","D2","Y_to_X","NN_GC",0.5281,0.9317,1,"No","No"
"Unemployment Rate","GPR","D3","X_to_Y","Linear_F",1.9263,0.1474,0.2353,"No","No"
"Unemployment Rate","GPR","D3","Y_to_X","Linear_F",1.7231,0.1802,0.3861,"No","No"
"Unemployment Rate","GPR","D3","X_to_Y","NN_GC",0.1508,1,1,"No","No"
"Unemployment Rate","GPR","D3","Y_to_X","NN_GC",0.7951,0.6911,1,"No","No"
"Unemployment Rate","GPR","D4","X_to_Y","Linear_F",8.4166,3e-04,0.0013,"Yes","Yes"
"Unemployment Rate","GPR","D4","Y_to_X","Linear_F",5.1471,0.0063,0.042,"Yes","Yes"
"Unemployment Rate","GPR","D4","X_to_Y","NN_GC",0.4495,0.9676,1,"No","No"
"Unemployment Rate","GPR","D4","Y_to_X","NN_GC",0.2658,0.9982,1,"No","No"
"Unemployment Rate","GPR","D5","X_to_Y","Linear_F",0.6675,0.5137,0.6355,"No","No"
"Unemployment Rate","GPR","D5","Y_to_X","Linear_F",1.0126,0.3644,0.5909,"No","No"
"Unemployment Rate","GPR","D5","X_to_Y","NN_GC",0.1869,0.9998,1,"No","No"
"Unemployment Rate","GPR","D5","Y_to_X","NN_GC",0.2401,0.9991,1,"No","No"
"Unemployment Rate","GPR","D6","X_to_Y","Linear_F",6.9523,0.0011,0.0043,"Yes","Yes"
"Unemployment Rate","GPR","D6","Y_to_X","Linear_F",0.9313,0.3951,0.6002,"No","No"
"Unemployment Rate","GPR","D6","X_to_Y","NN_GC",-0.0277,1,1,"No","No"
"Unemployment Rate","GPR","D6","Y_to_X","NN_GC",-0.0319,1,1,"No","No"
"Unemployment Rate","USEMV","D1","X_to_Y","Linear_F",2.6855,0.0697,0.1349,"Yes","No"
"Unemployment Rate","USEMV","D1","Y_to_X","Linear_F",0.8213,0.4408,0.6377,"No","No"
"Unemployment Rate","USEMV","D1","X_to_Y","NN_GC",0.1235,1,1,"No","No"
"Unemployment Rate","USEMV","D1","Y_to_X","NN_GC",0.6428,0.8479,1,"No","No"
"Unemployment Rate","USEMV","D2","X_to_Y","Linear_F",1.9017,0.151,0.2353,"No","No"
"Unemployment Rate","USEMV","D2","Y_to_X","Linear_F",0.589,0.5555,0.6872,"No","No"
"Unemployment Rate","USEMV","D2","X_to_Y","NN_GC",0.5486,0.9194,1,"No","No"
"Unemployment Rate","USEMV","D2","Y_to_X","NN_GC",0.2136,0.9996,1,"No","No"
"Unemployment Rate","USEMV","D3","X_to_Y","Linear_F",5.923,0.003,0.01,"Yes","Yes"
"Unemployment Rate","USEMV","D3","Y_to_X","Linear_F",0.7067,0.4941,0.6377,"No","No"
"Unemployment Rate","USEMV","D3","X_to_Y","NN_GC",0.1802,0.9999,1,"No","No"
"Unemployment Rate","USEMV","D3","Y_to_X","NN_GC",0.1375,1,1,"No","No"
"Unemployment Rate","USEMV","D4","X_to_Y","Linear_F",0.5696,0.5663,0.6864,"No","No"
"Unemployment Rate","USEMV","D4","Y_to_X","Linear_F",4.4936,0.0119,0.0571,"Yes","Yes"
"Unemployment Rate","USEMV","D4","X_to_Y","NN_GC",0.5266,0.9325,1,"No","No"
"Unemployment Rate","USEMV","D4","Y_to_X","NN_GC",0.1299,1,1,"No","No"
"Unemployment Rate","USEMV","D5","X_to_Y","Linear_F",1.6264,0.1983,0.2867,"No","No"
"Unemployment Rate","USEMV","D5","Y_to_X","Linear_F",0.1774,0.8375,0.8761,"No","No"
"Unemployment Rate","USEMV","D5","X_to_Y","NN_GC",0.2722,0.998,1,"No","No"
"Unemployment Rate","USEMV","D5","Y_to_X","NN_GC",0.0765,1,1,"No","No"
"Unemployment Rate","USEMV","D6","X_to_Y","Linear_F",3.876,0.0217,0.0577,"Yes","Yes"
"Unemployment Rate","USEMV","D6","Y_to_X","Linear_F",2.2153,0.1108,0.2912,"No","No"
"Unemployment Rate","USEMV","D6","X_to_Y","NN_GC",-0.0441,1,1,"No","No"
"Unemployment Rate","USEMV","D6","Y_to_X","NN_GC",0.6324,0.8569,1,"No","No"
"Unemployment Rate","USMPU","D1","X_to_Y","Linear_F",2.0675,0.1282,0.2167,"No","No"
"Unemployment Rate","USMPU","D1","Y_to_X","Linear_F",0.7443,0.4759,0.6377,"No","No"
"Unemployment Rate","USMPU","D1","X_to_Y","NN_GC",0.1346,1,1,"No","No"
"Unemployment Rate","USMPU","D1","Y_to_X","NN_GC",1.0012,0.4553,1,"No","No"
"Unemployment Rate","USMPU","D2","X_to_Y","Linear_F",2.564,0.0786,0.1474,"Yes","No"
"Unemployment Rate","USMPU","D2","Y_to_X","Linear_F",0.7251,0.4851,0.6377,"No","No"
"Unemployment Rate","USMPU","D2","X_to_Y","NN_GC",0.5236,0.9342,1,"No","No"
"Unemployment Rate","USMPU","D2","Y_to_X","NN_GC",1.6304,0.0601,1,"Yes","No"
"Unemployment Rate","USMPU","D3","X_to_Y","Linear_F",4.6657,0.0101,0.0311,"Yes","Yes"
"Unemployment Rate","USMPU","D3","Y_to_X","Linear_F",1.6094,0.2016,0.3972,"No","No"
"Unemployment Rate","USMPU","D3","X_to_Y","NN_GC",0.1983,0.9997,1,"No","No"
"Unemployment Rate","USMPU","D3","Y_to_X","NN_GC",0.2832,0.9974,1,"No","No"
"Unemployment Rate","USMPU","D4","X_to_Y","Linear_F",6.9736,0.0011,0.0043,"Yes","Yes"
"Unemployment Rate","USMPU","D4","Y_to_X","Linear_F",6.6003,0.0016,0.0171,"Yes","Yes"
"Unemployment Rate","USMPU","D4","X_to_Y","NN_GC",0.6605,0.8319,1,"No","No"
"Unemployment Rate","USMPU","D4","Y_to_X","NN_GC",0.0165,1,1,"No","No"
"Unemployment Rate","USMPU","D5","X_to_Y","Linear_F",0.6963,0.4992,0.6306,"No","No"
"Unemployment Rate","USMPU","D5","Y_to_X","Linear_F",4.5278,0.0115,0.0571,"Yes","Yes"
"Unemployment Rate","USMPU","D5","X_to_Y","NN_GC",0.1921,0.9998,1,"No","No"
"Unemployment Rate","USMPU","D5","Y_to_X","NN_GC",0.3316,0.9935,1,"No","No"
"Unemployment Rate","USMPU","D6","X_to_Y","Linear_F",19.5913,0,0,"Yes","Yes"
"Unemployment Rate","USMPU","D6","Y_to_X","Linear_F",1.121,0.3272,0.5691,"No","No"
"Unemployment Rate","USMPU","D6","X_to_Y","NN_GC",-0.0254,1,1,"No","No"
"Unemployment Rate","USMPU","D6","Y_to_X","NN_GC",-0.0109,1,1,"No","No"
"REER","EPU","D1","X_to_Y","Linear_F",2.3435,0.0976,0.1748,"Yes","No"
"REER","EPU","D1","Y_to_X","Linear_F",0.6625,0.5163,0.6522,"No","No"
"REER","EPU","D1","X_to_Y","NN_GC",0.2374,0.9991,1,"No","No"
"REER","EPU","D1","Y_to_X","NN_GC",-0.0016,1,1,"No","No"
"REER","EPU","D2","X_to_Y","Linear_F",8.3367,3e-04,0.0013,"Yes","Yes"
"REER","EPU","D2","Y_to_X","Linear_F",2.1435,0.1189,0.2912,"No","No"
"REER","EPU","D2","X_to_Y","NN_GC",0.1186,1,1,"No","No"
"REER","EPU","D2","Y_to_X","NN_GC",0.1131,1,1,"No","No"
"REER","EPU","D3","X_to_Y","Linear_F",2.6697,0.0708,0.1349,"Yes","No"
"REER","EPU","D3","Y_to_X","Linear_F",5.0391,0.007,0.042,"Yes","Yes"
"REER","EPU","D3","X_to_Y","NN_GC",0.1946,0.9998,1,"No","No"
"REER","EPU","D3","Y_to_X","NN_GC",0.0082,1,1,"No","No"
"REER","EPU","D4","X_to_Y","Linear_F",0.995,0.3709,0.5001,"No","No"
"REER","EPU","D4","Y_to_X","Linear_F",0.9491,0.3882,0.5972,"No","No"
"REER","EPU","D4","X_to_Y","NN_GC",-0.0436,1,1,"No","No"
"REER","EPU","D4","Y_to_X","NN_GC",0.0383,1,1,"No","No"
"REER","EPU","D5","X_to_Y","Linear_F",3.2774,0.039,0.0867,"Yes","Yes"
"REER","EPU","D5","Y_to_X","Linear_F",0.7655,0.4659,0.6377,"No","No"
"REER","EPU","D5","X_to_Y","NN_GC",0.9408,0.5227,1,"No","No"
"REER","EPU","D5","Y_to_X","NN_GC",0.3317,0.9935,1,"No","No"
"REER","EPU","D6","X_to_Y","Linear_F",65.005,0,0,"Yes","Yes"
"REER","EPU","D6","Y_to_X","Linear_F",29.5881,0,0,"Yes","Yes"
"REER","EPU","D6","X_to_Y","NN_GC",0.124,1,1,"No","No"
"REER","EPU","D6","Y_to_X","NN_GC",0.0912,1,1,"No","No"
"REER","GPR","D1","X_to_Y","Linear_F",0.1623,0.8502,0.8795,"No","No"
"REER","GPR","D1","Y_to_X","Linear_F",0.0155,0.9846,0.9846,"No","No"
"REER","GPR","D1","X_to_Y","NN_GC",0.2707,0.998,1,"No","No"
"REER","GPR","D1","Y_to_X","NN_GC",-0.0284,1,1,"No","No"
"REER","GPR","D2","X_to_Y","Linear_F",0.4288,0.6517,0.752,"No","No"
"REER","GPR","D2","Y_to_X","Linear_F",0.1749,0.8396,0.8761,"No","No"
"REER","GPR","D2","X_to_Y","NN_GC",0.1108,1,1,"No","No"
"REER","GPR","D2","Y_to_X","NN_GC",0.367,0.9886,1,"No","No"
"REER","GPR","D3","X_to_Y","Linear_F",1.6796,0.1881,0.2787,"No","No"
"REER","GPR","D3","Y_to_X","Linear_F",2.9686,0.0528,0.1864,"Yes","No"
"REER","GPR","D3","X_to_Y","NN_GC",0.1801,0.9999,1,"No","No"
"REER","GPR","D3","Y_to_X","NN_GC",0.6999,0.7939,1,"No","No"
"REER","GPR","D4","X_to_Y","Linear_F",2.3772,0.0944,0.1716,"Yes","No"
"REER","GPR","D4","Y_to_X","Linear_F",6.4751,0.0018,0.0171,"Yes","Yes"
"REER","GPR","D4","X_to_Y","NN_GC",-0.047,1,1,"No","No"
"REER","GPR","D4","Y_to_X","NN_GC",0.0573,1,1,"No","No"
"REER","GPR","D5","X_to_Y","Linear_F",7.153,9e-04,0.0037,"Yes","Yes"
"REER","GPR","D5","Y_to_X","Linear_F",1.0769,0.3419,0.5691,"No","No"
"REER","GPR","D5","X_to_Y","NN_GC",0.8032,0.6819,1,"No","No"
"REER","GPR","D5","Y_to_X","NN_GC",0.3481,0.9915,1,"No","No"
"REER","GPR","D6","X_to_Y","Linear_F",22.4607,0,0,"Yes","Yes"
"REER","GPR","D6","Y_to_X","Linear_F",3.2159,0.0414,0.1552,"Yes","No"
"REER","GPR","D6","X_to_Y","NN_GC",0.1198,1,1,"No","No"
"REER","GPR","D6","Y_to_X","NN_GC",-0.0326,1,1,"No","No"
"REER","USEMV","D1","X_to_Y","Linear_F",3.2217,0.0412,0.0883,"Yes","Yes"
"REER","USEMV","D1","Y_to_X","Linear_F",1.5758,0.2084,0.4034,"No","No"
"REER","USEMV","D1","X_to_Y","NN_GC",0.216,0.9995,1,"No","No"
"REER","USEMV","D1","Y_to_X","NN_GC",0.5511,0.9178,1,"No","No"
"REER","USEMV","D2","X_to_Y","Linear_F",0.3373,0.7139,0.8082,"No","No"
"REER","USEMV","D2","Y_to_X","Linear_F",0.7067,0.494,0.6377,"No","No"
"REER","USEMV","D2","X_to_Y","NN_GC",0.1195,1,1,"No","No"
"REER","USEMV","D2","Y_to_X","NN_GC",0.1421,1,1,"No","No"
"REER","USEMV","D3","X_to_Y","Linear_F",0.2223,0.8008,0.8599,"No","No"
"REER","USEMV","D3","Y_to_X","Linear_F",0.3949,0.6741,0.7812,"No","No"
"REER","USEMV","D3","X_to_Y","NN_GC",0.1938,0.9998,1,"No","No"
"REER","USEMV","D3","Y_to_X","NN_GC",0.0828,1,1,"No","No"
"REER","USEMV","D4","X_to_Y","Linear_F",1.9948,0.1377,0.2264,"No","No"
"REER","USEMV","D4","Y_to_X","Linear_F",1.608,0.2019,0.3972,"No","No"
"REER","USEMV","D4","X_to_Y","NN_GC",-0.0407,1,1,"No","No"
"REER","USEMV","D4","Y_to_X","NN_GC",0.031,1,1,"No","No"
"REER","USEMV","D5","X_to_Y","Linear_F",3.3019,0.0381,0.0867,"Yes","Yes"
"REER","USEMV","D5","Y_to_X","Linear_F",0.9528,0.3867,0.5972,"No","No"
"REER","USEMV","D5","X_to_Y","NN_GC",0.7698,0.7195,1,"No","No"
"REER","USEMV","D5","Y_to_X","NN_GC",0.1259,1,1,"No","No"
"REER","USEMV","D6","X_to_Y","Linear_F",36.0041,0,0,"Yes","Yes"
"REER","USEMV","D6","Y_to_X","Linear_F",6.032,0.0027,0.0203,"Yes","Yes"
"REER","USEMV","D6","X_to_Y","NN_GC",0.1412,1,1,"No","No"
"REER","USEMV","D6","Y_to_X","NN_GC",0.8096,0.6746,1,"No","No"
"REER","USMPU","D1","X_to_Y","Linear_F",0.3444,0.7089,0.8082,"No","No"
"REER","USMPU","D1","Y_to_X","Linear_F",0.8089,0.4463,0.6377,"No","No"
"REER","USMPU","D1","X_to_Y","NN_GC",0.2101,0.9996,1,"No","No"
"REER","USMPU","D1","Y_to_X","NN_GC",0.8719,0.6023,1,"No","No"
"REER","USMPU","D2","X_to_Y","Linear_F",0.2491,0.7797,0.8584,"No","No"
"REER","USMPU","D2","Y_to_X","Linear_F",1.4225,0.2426,0.4621,"No","No"
"REER","USMPU","D2","X_to_Y","NN_GC",0.1014,1,1,"No","No"
"REER","USMPU","D2","Y_to_X","NN_GC",1.0654,0.388,1,"No","No"
"REER","USMPU","D3","X_to_Y","Linear_F",0.8469,0.4297,0.5605,"No","No"
"REER","USMPU","D3","Y_to_X","Linear_F",0.4819,0.6181,0.7492,"No","No"
"REER","USMPU","D3","X_to_Y","NN_GC",0.1768,0.9999,1,"No","No"
"REER","USMPU","D3","Y_to_X","NN_GC",0.1347,1,1,"No","No"
"REER","USMPU","D4","X_to_Y","Linear_F",1.5517,0.2135,0.305,"No","No"
"REER","USMPU","D4","Y_to_X","Linear_F",0.7064,0.4942,0.6377,"No","No"
"REER","USMPU","D4","X_to_Y","NN_GC",-0.0448,1,1,"No","No"
"REER","USMPU","D4","Y_to_X","NN_GC",0.012,1,1,"No","No"
"REER","USMPU","D5","X_to_Y","Linear_F",0.2712,0.7626,0.8553,"No","No"
"REER","USMPU","D5","Y_to_X","Linear_F",4.489,0.0119,0.0571,"Yes","Yes"
"REER","USMPU","D5","X_to_Y","NN_GC",0.4599,0.9639,1,"No","No"
"REER","USMPU","D5","Y_to_X","NN_GC",0.3163,0.995,1,"No","No"
"REER","USMPU","D6","X_to_Y","Linear_F",105.9343,0,0,"Yes","Yes"
"REER","USMPU","D6","Y_to_X","Linear_F",1.7657,0.1727,0.3768,"No","No"
"REER","USMPU","D6","X_to_Y","NN_GC",0.002,1,1,"No","No"
"REER","USMPU","D6","Y_to_X","NN_GC",-0.027,1,1,"No","No"
"SIR","EPU","D1","X_to_Y","Linear_F",1.7611,0.1735,0.2635,"No","No"
"SIR","EPU","D1","Y_to_X","Linear_F",0.6794,0.5076,0.648,"No","No"
"SIR","EPU","D1","X_to_Y","NN_GC",0.0974,1,1,"No","No"
"SIR","EPU","D1","Y_to_X","NN_GC",-0.0076,1,1,"No","No"
"SIR","EPU","D2","X_to_Y","Linear_F",1.7,0.1843,0.2764,"No","No"
"SIR","EPU","D2","Y_to_X","Linear_F",0.7658,0.4658,0.6377,"No","No"
"SIR","EPU","D2","X_to_Y","NN_GC",0.1803,0.9999,1,"No","No"
"SIR","EPU","D2","Y_to_X","NN_GC",0.14,1,1,"No","No"
"SIR","EPU","D3","X_to_Y","Linear_F",0.2008,0.8182,0.8613,"No","No"
"SIR","EPU","D3","Y_to_X","Linear_F",2.8221,0.061,0.2067,"Yes","No"
"SIR","EPU","D3","X_to_Y","NN_GC",0.3916,0.9839,1,"No","No"
"SIR","EPU","D3","Y_to_X","NN_GC",0.0057,1,1,"No","No"
"SIR","EPU","D4","X_to_Y","Linear_F",6.8022,0.0013,0.0047,"Yes","Yes"
"SIR","EPU","D4","Y_to_X","Linear_F",0.0601,0.9417,0.9496,"No","No"
"SIR","EPU","D4","X_to_Y","NN_GC",0.102,1,1,"No","No"
"SIR","EPU","D4","Y_to_X","NN_GC",0.0303,1,1,"No","No"
"SIR","EPU","D5","X_to_Y","Linear_F",0.4574,0.6334,0.743,"No","No"
"SIR","EPU","D5","Y_to_X","Linear_F",0.3307,0.7187,0.8214,"No","No"
"SIR","EPU","D5","X_to_Y","NN_GC",0.1438,1,1,"No","No"
"SIR","EPU","D5","Y_to_X","NN_GC",0.2318,0.9992,1,"No","No"
"SIR","EPU","D6","X_to_Y","Linear_F",2.899,0.0565,0.1149,"Yes","No"
"SIR","EPU","D6","Y_to_X","Linear_F",0.2775,0.7578,0.8486,"No","No"
"SIR","EPU","D6","X_to_Y","NN_GC",-0.0835,1,1,"No","No"
"SIR","EPU","D6","Y_to_X","NN_GC",0.0715,1,1,"No","No"
"SIR","GPR","D1","X_to_Y","Linear_F",0.0125,0.9875,0.9936,"No","No"
"SIR","GPR","D1","Y_to_X","Linear_F",1.0953,0.3357,0.5691,"No","No"
"SIR","GPR","D1","X_to_Y","NN_GC",0.111,1,1,"No","No"
"SIR","GPR","D1","Y_to_X","NN_GC",-0.024,1,1,"No","No"
"SIR","GPR","D2","X_to_Y","Linear_F",0.2258,0.798,0.8599,"No","No"
"SIR","GPR","D2","Y_to_X","Linear_F",1.1341,0.323,0.5691,"No","No"
"SIR","GPR","D2","X_to_Y","NN_GC",0.1611,0.9999,1,"No","No"
"SIR","GPR","D2","Y_to_X","NN_GC",0.4252,0.9755,1,"No","No"
"SIR","GPR","D3","X_to_Y","Linear_F",2.2978,0.1021,0.1802,"No","No"
"SIR","GPR","D3","Y_to_X","Linear_F",2.1692,0.1159,0.2912,"No","No"
"SIR","GPR","D3","X_to_Y","NN_GC",0.543,0.9229,1,"No","No"
"SIR","GPR","D3","Y_to_X","NN_GC",0.9792,0.4795,1,"No","No"
"SIR","GPR","D4","X_to_Y","Linear_F",1.6561,0.1925,0.2817,"No","No"
"SIR","GPR","D4","Y_to_X","Linear_F",0.7856,0.4567,0.6377,"No","No"
"SIR","GPR","D4","X_to_Y","NN_GC",0.0842,1,1,"No","No"
"SIR","GPR","D4","Y_to_X","NN_GC",0.2127,0.9996,1,"No","No"
"SIR","GPR","D5","X_to_Y","Linear_F",5.523,0.0044,0.0143,"Yes","Yes"
"SIR","GPR","D5","Y_to_X","Linear_F",2.209,0.1115,0.2912,"No","No"
"SIR","GPR","D5","X_to_Y","NN_GC",0.133,1,1,"No","No"
"SIR","GPR","D5","Y_to_X","NN_GC",0.2243,0.9994,1,"No","No"
"SIR","GPR","D6","X_to_Y","Linear_F",5.9739,0.0028,0.0096,"Yes","Yes"
"SIR","GPR","D6","Y_to_X","Linear_F",0.2601,0.7711,0.8487,"No","No"
"SIR","GPR","D6","X_to_Y","NN_GC",-0.0595,1,1,"No","No"
"SIR","GPR","D6","Y_to_X","NN_GC",-0.0227,1,1,"No","No"
"SIR","USEMV","D1","X_to_Y","Linear_F",4.2278,0.0154,0.0451,"Yes","Yes"
"SIR","USEMV","D1","Y_to_X","Linear_F",1.3795,0.2532,0.4747,"No","No"
"SIR","USEMV","D1","X_to_Y","NN_GC",0.0803,1,1,"No","No"
"SIR","USEMV","D1","Y_to_X","NN_GC",0.4551,0.9657,1,"No","No"
"SIR","USEMV","D2","X_to_Y","Linear_F",0.4817,0.6182,0.7418,"No","No"
"SIR","USEMV","D2","Y_to_X","Linear_F",0.4568,0.6337,0.7604,"No","No"
"SIR","USEMV","D2","X_to_Y","NN_GC",0.2287,0.9993,1,"No","No"
"SIR","USEMV","D2","Y_to_X","NN_GC",0.1766,0.9999,1,"No","No"
"SIR","USEMV","D3","X_to_Y","Linear_F",1.9744,0.1405,0.2278,"No","No"
"SIR","USEMV","D3","Y_to_X","Linear_F",6.4969,0.0017,0.0171,"Yes","Yes"
"SIR","USEMV","D3","X_to_Y","NN_GC",0.6053,0.8792,1,"No","No"
"SIR","USEMV","D3","Y_to_X","NN_GC",0.0913,1,1,"No","No"
"SIR","USEMV","D4","X_to_Y","Linear_F",11.569,0,0,"Yes","Yes"
"SIR","USEMV","D4","Y_to_X","Linear_F",7.8561,5e-04,0.0086,"Yes","Yes"
"SIR","USEMV","D4","X_to_Y","NN_GC",0.1758,0.9999,1,"No","No"
"SIR","USEMV","D4","Y_to_X","NN_GC",-0.0326,1,1,"No","No"
"SIR","USEMV","D5","X_to_Y","Linear_F",14.0421,0,0,"Yes","Yes"
"SIR","USEMV","D5","Y_to_X","Linear_F",0.0794,0.9237,0.9474,"No","No"
"SIR","USEMV","D5","X_to_Y","NN_GC",0.2047,0.9997,1,"No","No"
"SIR","USEMV","D5","Y_to_X","NN_GC",0.1807,0.9999,1,"No","No"
"SIR","USEMV","D6","X_to_Y","Linear_F",52.3145,0,0,"Yes","Yes"
"SIR","USEMV","D6","Y_to_X","Linear_F",6.0552,0.0026,0.0203,"Yes","Yes"
"SIR","USEMV","D6","X_to_Y","NN_GC",-0.0647,1,1,"No","No"
"SIR","USEMV","D6","Y_to_X","NN_GC",0.5232,0.9344,1,"No","No"
"SIR","USMPU","D1","X_to_Y","Linear_F",0.5909,0.5544,0.6789,"No","No"
"SIR","USMPU","D1","Y_to_X","Linear_F",0.177,0.8379,0.8761,"No","No"
"SIR","USMPU","D1","X_to_Y","NN_GC",0.0698,1,1,"No","No"
"SIR","USMPU","D1","Y_to_X","NN_GC",0.7201,0.7731,1,"No","No"
"SIR","USMPU","D2","X_to_Y","Linear_F",0.8508,0.4281,0.5605,"No","No"
"SIR","USMPU","D2","Y_to_X","Linear_F",0.1897,0.8273,0.8761,"No","No"
"SIR","USMPU","D2","X_to_Y","NN_GC",0.1692,0.9999,1,"No","No"
"SIR","USMPU","D2","Y_to_X","NN_GC",1.292,0.2005,1,"No","No"
"SIR","USMPU","D3","X_to_Y","Linear_F",2.1549,0.1176,0.2016,"No","No"
"SIR","USMPU","D3","Y_to_X","Linear_F",1.6266,0.1982,0.3972,"No","No"
"SIR","USMPU","D3","X_to_Y","NN_GC",0.4616,0.9632,1,"No","No"
"SIR","USMPU","D3","Y_to_X","NN_GC",0.1808,0.9998,1,"No","No"
"SIR","USMPU","D4","X_to_Y","Linear_F",8.472,3e-04,0.0013,"Yes","Yes"
"SIR","USMPU","D4","Y_to_X","Linear_F",8.0906,4e-04,0.008,"Yes","Yes"
"SIR","USMPU","D4","X_to_Y","NN_GC",0.153,1,1,"No","No"
"SIR","USMPU","D4","Y_to_X","NN_GC",-0.0053,1,1,"No","No"
"SIR","USMPU","D5","X_to_Y","Linear_F",1.4633,0.233,0.3289,"No","No"
"SIR","USMPU","D5","Y_to_X","Linear_F",2.7109,0.068,0.2205,"Yes","No"
"SIR","USMPU","D5","X_to_Y","NN_GC",0.301,0.9963,1,"No","No"
"SIR","USMPU","D5","Y_to_X","NN_GC",0.5921,0.8893,1,"No","No"
"SIR","USMPU","D6","X_to_Y","Linear_F",159.8482,0,0,"Yes","Yes"
"SIR","USMPU","D6","Y_to_X","Linear_F",8.1078,4e-04,0.008,"Yes","Yes"
"SIR","USMPU","D6","X_to_Y","NN_GC",-0.1394,1,1,"No","No"
"SIR","USMPU","D6","Y_to_X","NN_GC",0.0367,1,1,"No","No"
"Oil Price (WTI)","EPU","D1","X_to_Y","Linear_F",3.2963,0.0383,0.0867,"Yes","Yes"
"Oil Price (WTI)","EPU","D1","Y_to_X","Linear_F",1.0641,0.3462,0.5691,"No","No"
"Oil Price (WTI)","EPU","D1","X_to_Y","NN_GC",0.0623,1,1,"No","No"
"Oil Price (WTI)","EPU","D1","Y_to_X","NN_GC",1e-04,1,1,"No","No"
"Oil Price (WTI)","EPU","D2","X_to_Y","Linear_F",2.7754,0.0638,0.1276,"Yes","No"
"Oil Price (WTI)","EPU","D2","Y_to_X","Linear_F",2.1502,0.1181,0.2912,"No","No"
"Oil Price (WTI)","EPU","D2","X_to_Y","NN_GC",0.0878,1,1,"No","No"
"Oil Price (WTI)","EPU","D2","Y_to_X","NN_GC",0.1311,1,1,"No","No"
"Oil Price (WTI)","EPU","D3","X_to_Y","Linear_F",3.859,0.0221,0.0577,"Yes","Yes"
"Oil Price (WTI)","EPU","D3","Y_to_X","Linear_F",0.8023,0.4492,0.6377,"No","No"
"Oil Price (WTI)","EPU","D3","X_to_Y","NN_GC",-0.0529,1,1,"No","No"
"Oil Price (WTI)","EPU","D3","Y_to_X","NN_GC",0.01,1,1,"No","No"
"Oil Price (WTI)","EPU","D4","X_to_Y","Linear_F",16.2279,0,0,"Yes","Yes"
"Oil Price (WTI)","EPU","D4","Y_to_X","Linear_F",10.5732,0,0,"Yes","Yes"
"Oil Price (WTI)","EPU","D4","X_to_Y","NN_GC",0.075,1,1,"No","No"
"Oil Price (WTI)","EPU","D4","Y_to_X","NN_GC",0.0372,1,1,"No","No"
"Oil Price (WTI)","EPU","D5","X_to_Y","Linear_F",8.6167,2e-04,0.0011,"Yes","Yes"
"Oil Price (WTI)","EPU","D5","Y_to_X","Linear_F",4.9715,0.0075,0.0429,"Yes","Yes"
"Oil Price (WTI)","EPU","D5","X_to_Y","NN_GC",0.1177,1,1,"No","No"
"Oil Price (WTI)","EPU","D5","Y_to_X","NN_GC",0.2314,0.9993,1,"No","No"
"Oil Price (WTI)","EPU","D6","X_to_Y","Linear_F",6.1111,0.0025,0.0088,"Yes","Yes"
"Oil Price (WTI)","EPU","D6","Y_to_X","Linear_F",12.1779,0,0,"Yes","Yes"
"Oil Price (WTI)","EPU","D6","X_to_Y","NN_GC",0.9429,0.5203,1,"No","No"
"Oil Price (WTI)","EPU","D6","Y_to_X","NN_GC",0.0495,1,1,"No","No"
"Oil Price (WTI)","GPR","D1","X_to_Y","Linear_F",0.8517,0.4276,0.5605,"No","No"
"Oil Price (WTI)","GPR","D1","Y_to_X","Linear_F",3.8877,0.0215,0.0921,"Yes","Yes"
"Oil Price (WTI)","GPR","D1","X_to_Y","NN_GC",0.0733,1,1,"No","No"
"Oil Price (WTI)","GPR","D1","Y_to_X","NN_GC",-0.0237,1,1,"No","No"
"Oil Price (WTI)","GPR","D2","X_to_Y","Linear_F",1.8033,0.1664,0.256,"No","No"
"Oil Price (WTI)","GPR","D2","Y_to_X","Linear_F",1.1691,0.312,0.5673,"No","No"
"Oil Price (WTI)","GPR","D2","X_to_Y","NN_GC",0.147,1,1,"No","No"
"Oil Price (WTI)","GPR","D2","Y_to_X","NN_GC",0.4257,0.9753,1,"No","No"
"Oil Price (WTI)","GPR","D3","X_to_Y","Linear_F",3.2439,0.0403,0.0879,"Yes","Yes"
"Oil Price (WTI)","GPR","D3","Y_to_X","Linear_F",0.7524,0.4721,0.6377,"No","No"
"Oil Price (WTI)","GPR","D3","X_to_Y","NN_GC",0.0725,1,1,"No","No"
"Oil Price (WTI)","GPR","D3","Y_to_X","NN_GC",0.7177,0.7757,1,"No","No"
"Oil Price (WTI)","GPR","D4","X_to_Y","Linear_F",3.5466,0.03,0.072,"Yes","Yes"
"Oil Price (WTI)","GPR","D4","Y_to_X","Linear_F",0.985,0.3746,0.5972,"No","No"
"Oil Price (WTI)","GPR","D4","X_to_Y","NN_GC",0.063,1,1,"No","No"
"Oil Price (WTI)","GPR","D4","Y_to_X","NN_GC",0.1512,1,1,"No","No"
"Oil Price (WTI)","GPR","D5","X_to_Y","Linear_F",6.8476,0.0012,0.0045,"Yes","Yes"
"Oil Price (WTI)","GPR","D5","Y_to_X","Linear_F",5.0709,0.0068,0.042,"Yes","Yes"
"Oil Price (WTI)","GPR","D5","X_to_Y","NN_GC",0.0767,1,1,"No","No"
"Oil Price (WTI)","GPR","D5","Y_to_X","NN_GC",0.2284,0.9993,1,"No","No"
"Oil Price (WTI)","GPR","D6","X_to_Y","Linear_F",24.73,0,0,"Yes","Yes"
"Oil Price (WTI)","GPR","D6","Y_to_X","Linear_F",0.2512,0.778,0.8487,"No","No"
"Oil Price (WTI)","GPR","D6","X_to_Y","NN_GC",0.8657,0.6096,1,"No","No"
"Oil Price (WTI)","GPR","D6","Y_to_X","NN_GC",-0.0172,1,1,"No","No"
"Oil Price (WTI)","USEMV","D1","X_to_Y","Linear_F",3.9212,0.0208,0.0567,"Yes","Yes"
"Oil Price (WTI)","USEMV","D1","Y_to_X","Linear_F",0.3906,0.677,0.7812,"No","No"
"Oil Price (WTI)","USEMV","D1","X_to_Y","NN_GC",0.0604,1,1,"No","No"
"Oil Price (WTI)","USEMV","D1","Y_to_X","NN_GC",0.5654,0.9084,1,"No","No"
"Oil Price (WTI)","USEMV","D2","X_to_Y","Linear_F",3.5981,0.0285,0.0698,"Yes","Yes"
"Oil Price (WTI)","USEMV","D2","Y_to_X","Linear_F",8.3791,3e-04,0.008,"Yes","Yes"
"Oil Price (WTI)","USEMV","D2","X_to_Y","NN_GC",0.106,1,1,"No","No"
"Oil Price (WTI)","USEMV","D2","Y_to_X","NN_GC",0.1689,0.9999,1,"No","No"
"Oil Price (WTI)","USEMV","D3","X_to_Y","Linear_F",15.6292,0,0,"Yes","Yes"
"Oil Price (WTI)","USEMV","D3","Y_to_X","Linear_F",0.9582,0.3847,0.5972,"No","No"
"Oil Price (WTI)","USEMV","D3","X_to_Y","NN_GC",-0.0712,1,1,"No","No"
"Oil Price (WTI)","USEMV","D3","Y_to_X","NN_GC",0.0898,1,1,"No","No"
"Oil Price (WTI)","USEMV","D4","X_to_Y","Linear_F",19.2636,0,0,"Yes","Yes"
"Oil Price (WTI)","USEMV","D4","Y_to_X","Linear_F",3.7178,0.0253,0.1012,"Yes","No"
"Oil Price (WTI)","USEMV","D4","X_to_Y","NN_GC",0.0066,1,1,"No","No"
"Oil Price (WTI)","USEMV","D4","Y_to_X","NN_GC",0.0508,1,1,"No","No"
"Oil Price (WTI)","USEMV","D5","X_to_Y","Linear_F",3.0189,0.0502,0.1039,"Yes","No"
"Oil Price (WTI)","USEMV","D5","Y_to_X","Linear_F",2.6816,0.07,0.2211,"Yes","No"
"Oil Price (WTI)","USEMV","D5","X_to_Y","NN_GC",0.1696,0.9999,1,"No","No"
"Oil Price (WTI)","USEMV","D5","Y_to_X","NN_GC",0.1411,1,1,"No","No"
"Oil Price (WTI)","USEMV","D6","X_to_Y","Linear_F",0.8345,0.435,0.5613,"No","No"
"Oil Price (WTI)","USEMV","D6","Y_to_X","Linear_F",5.3029,0.0054,0.0381,"Yes","Yes"
"Oil Price (WTI)","USEMV","D6","X_to_Y","NN_GC",0.9194,0.5472,1,"No","No"
"Oil Price (WTI)","USEMV","D6","Y_to_X","NN_GC",0.6599,0.8324,1,"No","No"
"Oil Price (WTI)","USMPU","D1","X_to_Y","Linear_F",2.0138,0.1352,0.2253,"No","No"
"Oil Price (WTI)","USMPU","D1","Y_to_X","Linear_F",0.5522,0.5762,0.7056,"No","No"
"Oil Price (WTI)","USMPU","D1","X_to_Y","NN_GC",0.058,1,1,"No","No"
"Oil Price (WTI)","USMPU","D1","Y_to_X","NN_GC",0.9161,0.551,1,"No","No"
"Oil Price (WTI)","USMPU","D2","X_to_Y","Linear_F",2.5183,0.0822,0.1518,"Yes","No"
"Oil Price (WTI)","USMPU","D2","Y_to_X","Linear_F",3.8168,0.023,0.0952,"Yes","Yes"
"Oil Price (WTI)","USMPU","D2","X_to_Y","NN_GC",0.1232,1,1,"No","No"
"Oil Price (WTI)","USMPU","D2","Y_to_X","NN_GC",1.3121,0.1879,1,"No","No"
"Oil Price (WTI)","USMPU","D3","X_to_Y","Linear_F",8.2727,3e-04,0.0013,"Yes","Yes"
"Oil Price (WTI)","USMPU","D3","Y_to_X","Linear_F",0.2699,0.7637,0.8486,"No","No"
"Oil Price (WTI)","USMPU","D3","X_to_Y","NN_GC",-0.0346,1,1,"No","No"
"Oil Price (WTI)","USMPU","D3","Y_to_X","NN_GC",0.1595,0.9999,1,"No","No"
"Oil Price (WTI)","USMPU","D4","X_to_Y","Linear_F",10.2483,0,0,"Yes","Yes"
"Oil Price (WTI)","USMPU","D4","Y_to_X","Linear_F",6.3308,0.002,0.0171,"Yes","Yes"
"Oil Price (WTI)","USMPU","D4","X_to_Y","NN_GC",0.0861,1,1,"No","No"
"Oil Price (WTI)","USMPU","D4","Y_to_X","NN_GC",0.0087,1,1,"No","No"
"Oil Price (WTI)","USMPU","D5","X_to_Y","Linear_F",1.3623,0.2575,0.3593,"No","No"
"Oil Price (WTI)","USMPU","D5","Y_to_X","Linear_F",0.4282,0.652,0.7671,"No","No"
"Oil Price (WTI)","USMPU","D5","X_to_Y","NN_GC",0.1855,0.9998,1,"No","No"
"Oil Price (WTI)","USMPU","D5","Y_to_X","NN_GC",0.4296,0.9741,1,"No","No"
"Oil Price (WTI)","USMPU","D6","X_to_Y","Linear_F",5.0026,0.0073,0.0231,"Yes","Yes"
"Oil Price (WTI)","USMPU","D6","Y_to_X","Linear_F",6.3208,0.002,0.0171,"Yes","Yes"
"Oil Price (WTI)","USMPU","D6","X_to_Y","NN_GC",0.5827,0.8963,1,"No","No"
"Oil Price (WTI)","USMPU","D6","Y_to_X","NN_GC",0.0194,1,1,"No","No"
"CPI Inflation","EPU","D1","X_to_Y","Linear_F",3.5072,0.0311,0.0732,"Yes","Yes"
"CPI Inflation","EPU","D1","Y_to_X","Linear_F",2.1507,0.1181,0.2912,"No","No"
"CPI Inflation","EPU","D1","X_to_Y","NN_GC",-0.0274,1,1,"No","No"
"CPI Inflation","EPU","D1","Y_to_X","NN_GC",-0.0016,1,1,"No","No"
"CPI Inflation","EPU","D2","X_to_Y","Linear_F",0.4634,0.6296,0.743,"No","No"
"CPI Inflation","EPU","D2","Y_to_X","Linear_F",0.4381,0.6457,0.7671,"No","No"
"CPI Inflation","EPU","D2","X_to_Y","NN_GC",0.6753,0.818,1,"No","No"
"CPI Inflation","EPU","D2","Y_to_X","NN_GC",0.1724,0.9999,1,"No","No"
"CPI Inflation","EPU","D3","X_to_Y","Linear_F",0.6732,0.5108,0.6355,"No","No"
"CPI Inflation","EPU","D3","Y_to_X","Linear_F",1.6669,0.1905,0.3972,"No","No"
"CPI Inflation","EPU","D3","X_to_Y","NN_GC",0.2498,0.9988,1,"No","No"
"CPI Inflation","EPU","D3","Y_to_X","NN_GC",0.0102,1,1,"No","No"
"CPI Inflation","EPU","D4","X_to_Y","Linear_F",10.2675,0,0,"Yes","Yes"
"CPI Inflation","EPU","D4","Y_to_X","Linear_F",2.5427,0.0802,0.2347,"Yes","No"
"CPI Inflation","EPU","D4","X_to_Y","NN_GC",0.0143,1,1,"No","No"
"CPI Inflation","EPU","D4","Y_to_X","NN_GC",0.0311,1,1,"No","No"
"CPI Inflation","EPU","D5","X_to_Y","Linear_F",3.726,0.0251,0.0641,"Yes","Yes"
"CPI Inflation","EPU","D5","Y_to_X","Linear_F",1.1032,0.3331,0.5691,"No","No"
"CPI Inflation","EPU","D5","X_to_Y","NN_GC",0.4376,0.9717,1,"No","No"
"CPI Inflation","EPU","D5","Y_to_X","NN_GC",0.2797,0.9976,1,"No","No"
"CPI Inflation","EPU","D6","X_to_Y","Linear_F",22.2807,0,0,"Yes","Yes"
"CPI Inflation","EPU","D6","Y_to_X","Linear_F",6.7911,0.0013,0.0171,"Yes","Yes"
"CPI Inflation","EPU","D6","X_to_Y","NN_GC",-0.0841,1,1,"No","No"
"CPI Inflation","EPU","D6","Y_to_X","NN_GC",0.1249,1,1,"No","No"
"CPI Inflation","GPR","D1","X_to_Y","Linear_F",0.2508,0.7784,0.8584,"No","No"
"CPI Inflation","GPR","D1","Y_to_X","Linear_F",1.0827,0.3399,0.5691,"No","No"
"CPI Inflation","GPR","D1","X_to_Y","NN_GC",-0.0331,1,1,"No","No"
"CPI Inflation","GPR","D1","Y_to_X","NN_GC",-0.0333,1,1,"No","No"
"CPI Inflation","GPR","D2","X_to_Y","Linear_F",0.4504,0.6377,0.743,"No","No"
"CPI Inflation","GPR","D2","Y_to_X","Linear_F",2.2083,0.1116,0.2912,"No","No"
"CPI Inflation","GPR","D2","X_to_Y","NN_GC",0.6642,0.8285,1,"No","No"
"CPI Inflation","GPR","D2","Y_to_X","NN_GC",0.5402,0.9246,1,"No","No"
"CPI Inflation","GPR","D3","X_to_Y","Linear_F",2.1586,0.1172,0.2016,"No","No"
"CPI Inflation","GPR","D3","Y_to_X","Linear_F",1.2642,0.2839,0.5241,"No","No"
"CPI Inflation","GPR","D3","X_to_Y","NN_GC",0.3078,0.9958,1,"No","No"
"CPI Inflation","GPR","D3","Y_to_X","NN_GC",0.8638,0.6118,1,"No","No"
"CPI Inflation","GPR","D4","X_to_Y","Linear_F",0.2201,0.8026,0.8599,"No","No"
"CPI Inflation","GPR","D4","Y_to_X","Linear_F",0.6322,0.5321,0.6651,"No","No"
"CPI Inflation","GPR","D4","X_to_Y","NN_GC",0.0106,1,1,"No","No"
"CPI Inflation","GPR","D4","Y_to_X","NN_GC",0.1557,0.9999,1,"No","No"
"CPI Inflation","GPR","D5","X_to_Y","Linear_F",3.6667,0.0266,0.0665,"Yes","Yes"
"CPI Inflation","GPR","D5","Y_to_X","Linear_F",4.3836,0.0132,0.0587,"Yes","Yes"
"CPI Inflation","GPR","D5","X_to_Y","NN_GC",0.4299,0.9741,1,"No","No"
"CPI Inflation","GPR","D5","Y_to_X","NN_GC",0.3037,0.9961,1,"No","No"
"CPI Inflation","GPR","D6","X_to_Y","Linear_F",18.0059,0,0,"Yes","Yes"
"CPI Inflation","GPR","D6","Y_to_X","Linear_F",1.9483,0.1442,0.3322,"No","No"
"CPI Inflation","GPR","D6","X_to_Y","NN_GC",-0.07,1,1,"No","No"
"CPI Inflation","GPR","D6","Y_to_X","NN_GC",-0.0311,1,1,"No","No"
"CPI Inflation","USEMV","D1","X_to_Y","Linear_F",0.0434,0.9575,0.9737,"No","No"
"CPI Inflation","USEMV","D1","Y_to_X","Linear_F",1.931,0.1467,0.3322,"No","No"
"CPI Inflation","USEMV","D1","X_to_Y","NN_GC",-0.0276,1,1,"No","No"
"CPI Inflation","USEMV","D1","Y_to_X","NN_GC",0.4943,0.9492,1,"No","No"
"CPI Inflation","USEMV","D2","X_to_Y","Linear_F",0.7248,0.4852,0.6194,"No","No"
"CPI Inflation","USEMV","D2","Y_to_X","Linear_F",2.0205,0.1343,0.3223,"No","No"
"CPI Inflation","USEMV","D2","X_to_Y","NN_GC",0.6676,0.8254,1,"No","No"
"CPI Inflation","USEMV","D2","Y_to_X","NN_GC",0.2103,0.9996,1,"No","No"
"CPI Inflation","USEMV","D3","X_to_Y","Linear_F",1.9088,0.1499,0.2353,"No","No"
"CPI Inflation","USEMV","D3","Y_to_X","Linear_F",2.1957,0.113,0.2912,"No","No"
"CPI Inflation","USEMV","D3","X_to_Y","NN_GC",0.269,0.9981,1,"No","No"
"CPI Inflation","USEMV","D3","Y_to_X","NN_GC",0.0963,1,1,"No","No"
"CPI Inflation","USEMV","D4","X_to_Y","Linear_F",12.5936,0,0,"Yes","Yes"
"CPI Inflation","USEMV","D4","Y_to_X","Linear_F",4.5757,0.011,0.0571,"Yes","Yes"
"CPI Inflation","USEMV","D4","X_to_Y","NN_GC",0.0205,1,1,"No","No"
"CPI Inflation","USEMV","D4","Y_to_X","NN_GC",0.0031,1,1,"No","No"
"CPI Inflation","USEMV","D5","X_to_Y","Linear_F",10.4003,0,0,"Yes","Yes"
"CPI Inflation","USEMV","D5","Y_to_X","Linear_F",1.6187,0.1998,0.3972,"No","No"
"CPI Inflation","USEMV","D5","X_to_Y","NN_GC",0.502,0.9455,1,"No","No"
"CPI Inflation","USEMV","D5","Y_to_X","NN_GC",0.1779,0.9999,1,"No","No"
"CPI Inflation","USEMV","D6","X_to_Y","Linear_F",26.6311,0,0,"Yes","Yes"
"CPI Inflation","USEMV","D6","Y_to_X","Linear_F",3.1622,0.0437,0.1589,"Yes","No"
"CPI Inflation","USEMV","D6","X_to_Y","NN_GC",-0.0201,1,1,"No","No"
"CPI Inflation","USEMV","D6","Y_to_X","NN_GC",0.4637,0.9624,1,"No","No"
"CPI Inflation","USMPU","D1","X_to_Y","Linear_F",1.1588,0.3152,0.4348,"No","No"
"CPI Inflation","USMPU","D1","Y_to_X","Linear_F",3.2933,0.0384,0.1486,"Yes","No"
"CPI Inflation","USMPU","D1","X_to_Y","NN_GC",-0.0297,1,1,"No","No"
"CPI Inflation","USMPU","D1","Y_to_X","NN_GC",0.7995,0.6861,1,"No","No"
"CPI Inflation","USMPU","D2","X_to_Y","Linear_F",0.167,0.8463,0.8795,"No","No"
"CPI Inflation","USMPU","D2","Y_to_X","Linear_F",0.8591,0.4245,0.6289,"No","No"
"CPI Inflation","USMPU","D2","X_to_Y","NN_GC",0.652,0.8397,1,"No","No"
"CPI Inflation","USMPU","D2","Y_to_X","NN_GC",1.6625,0.053,1,"Yes","No"
"CPI Inflation","USMPU","D3","X_to_Y","Linear_F",2.7222,0.0673,0.1324,"Yes","No"
"CPI Inflation","USMPU","D3","Y_to_X","Linear_F",0.1652,0.8478,0.877,"No","No"
"CPI Inflation","USMPU","D3","X_to_Y","NN_GC",0.2597,0.9985,1,"No","No"
"CPI Inflation","USMPU","D3","Y_to_X","NN_GC",0.1922,0.9998,1,"No","No"
"CPI Inflation","USMPU","D4","X_to_Y","Linear_F",8.7385,2e-04,0.0011,"Yes","Yes"
"CPI Inflation","USMPU","D4","Y_to_X","Linear_F",6.7742,0.0013,0.0171,"Yes","Yes"
"CPI Inflation","USMPU","D4","X_to_Y","NN_GC",0.0252,1,1,"No","No"
"CPI Inflation","USMPU","D4","Y_to_X","NN_GC",0.0013,1,1,"No","No"
"CPI Inflation","USMPU","D5","X_to_Y","Linear_F",3.972,0.0198,0.0553,"Yes","Yes"
"CPI Inflation","USMPU","D5","Y_to_X","Linear_F",0.215,0.8066,0.872,"No","No"
"CPI Inflation","USMPU","D5","X_to_Y","NN_GC",0.6699,0.8231,1,"No","No"
"CPI Inflation","USMPU","D5","Y_to_X","NN_GC",0.576,0.9011,1,"No","No"
"CPI Inflation","USMPU","D6","X_to_Y","Linear_F",8.2595,3e-04,0.0013,"Yes","Yes"
"CPI Inflation","USMPU","D6","Y_to_X","Linear_F",2.6147,0.0748,0.2302,"Yes","No"
"CPI Inflation","USMPU","D6","X_to_Y","NN_GC",-0.0926,1,1,"No","No"
"CPI Inflation","USMPU","D6","Y_to_X","NN_GC",0.0449,1,1,"No","No"
