Date,Unemploymentrate,RealbroadEER,ShorttermIR,OilpriceGlobalWTI,CPIinflationrate,logEPU,GPRC,USEMV,USMPU
1995-01-01,8.8,111.2,6.64,17.98,2.34,2.11058971,0.65,22.64,185.2
1995-02-01,9,109.99,6.8,18.54,2.34,2.122543524,0.5,22.3,166.74
1995-03-01,8.9,108.63,6.73,18.54,2.48,2.060584531,0.62,18.01,96.3
1995-04-01,8.6,107.21,6.74,19.76,2.31,1.95201709,0.66,15.85,49.73
1995-05-01,8.6,107.2,6.78,19.69,2.46,1.858356705,0.77,13.42,39.37
1995-06-01,8.8,106.81,6.71,18.42,2.61,1.9160853,0.99,15.66,120.16
1995-07-01,8.8,105.92,6.88,17.32,2.94,1.809290301,1.18,18.81,88.65
1995-08-01,8.9,107.1,6.88,18.03,2.76,1.918868743,0.84,13.36,35.92
1995-09-01,8.7,107.68,6.8,18.22,3.07,2.018367578,0.56,12.82,32.48
1995-10-01,8.5,106.99,6.82,17.44,3.07,1.993920959,0.48,17.1,42.07
1995-11-01,8.1,105.89,6.72,17.98,2.91,1.939668984,0.69,16.37,93.94
1995-12-01,8.2,105.82,6.55,19.05,3.05,1.920384242,0.49,18.06,176.52
1996-01-01,8.2,105.51,6.45,18.9,2.9,1.887729797,0.51,22.33,138.47
1996-02-01,8.3,106.23,6.25,19.08,3.04,2.106462884,0.7,18.14,57.52
1996-03-01,8.3,105.96,6.14,21.33,2.88,2.120639728,0.51,22.85,68.22
1996-04-01,8.1,106.17,6.08,23.53,2.86,1.901022173,0.5,15.33,29.41
1996-05-01,8.2,107.19,6.12,21.27,2.85,2.077295214,0.49,17.04,57.69
1996-06-01,8.2,109.09,5.93,20.44,2.84,2.034628457,0.71,18.38,71.41
1996-07-01,8.3,108.46,5.82,21.31,2.55,2.019490163,0.82,24.74,92.13
1996-08-01,8.3,107.81,5.84,21.93,2.69,1.748110467,0.73,16.77,42.34
1996-09-01,8.1,109.65,5.86,23.91,2.68,1.94875518,0.94,15.08,68.95
1996-10-01,7.9,112.03,6.02,24.9,2.98,1.959184543,0.47,17.37,45.36
1996-11-01,7.7,116.54,6.39,23.71,3.13,2.013679697,0.54,17.12,31.46
1996-12-01,7.5,118.53,6.43,25.52,2.81,1.937517892,0.81,20.9,60.65
1997-01-01,7.4,119.78,6.41,25.2,2.67,2.078057867,0.63,21.05,53.13
1997-02-01,7.4,120.76,6.29,22.22,2.36,2.099369826,0.57,19.48,19.42
1997-03-01,7.2,120.38,6.3,20.97,2.21,2.077004327,0.59,22.96,60.96
1997-04-01,7,122.95,6.45,19.72,2.05,2.122969094,0.71,23.86,65.53
1997-05-01,7.1,122.7,6.53,20.85,2.04,2.043244354,0.56,17.66,75.04
1997-06-01,7.4,124.3,6.66,19.16,2.04,2.10961229,0.49,20.72,54.08
1997-07-01,7.3,128.34,7.04,19.63,2.49,1.905472062,0.68,20.17,24.05
1997-08-01,7.1,126.33,7.24,19.93,2.33,1.997604787,0.53,20.95,75.88
1997-09-01,6.8,124.88,7.3,19.78,2.17,1.981456167,0.47,19.09,16.57
1997-10-01,6.6,126.21,7.36,21.26,2.17,2.020899673,0.64,32.7,80.45
1997-11-01,6.4,130.11,7.63,20.07,2.02,1.933082162,0.79,28.99,53.72
1997-12-01,6.2,131.89,7.72,18.31,1.87,1.960993709,0.52,25.81,59.1
1998-01-01,6.3,132.07,7.59,16.75,1.73,1.878464345,0.78,32.16,120.8
1998-02-01,6.4,131.4,7.54,16.06,1.88,1.857392811,1.32,20.03,137.39
1998-03-01,6.3,133.45,7.57,15.02,2.02,2.035069344,0.71,17.94,54.35
1998-04-01,6.1,134.22,7.54,15.25,2.15,1.937517892,0.71,22.26,56.66
1998-05-01,6.2,130.94,7.49,14.85,2.14,2.001906704,1.55,22.99,60.92
1998-06-01,6.3,133.51,7.71,13.66,1.85,1.902438056,1.08,24.2,58.82
1998-07-01,6.5,132.74,7.81,14.1,1.71,2.022304623,0.67,27.64,83.2
1998-08-01,6.5,132.53,7.73,13.36,1.56,2.040285799,1.16,39.75,146.1
1998-09-01,6.3,132.58,7.47,14.93,1.7,2.304641298,0.69,50.15,239.21
1998-10-01,6.2,129.37,7.22,14.39,1.56,2.065654394,0.68,43.79,157.48
1998-11-01,6,128.59,6.97,12.78,1.7,2.124014879,1.03,34.86,148.75
1998-12-01,6.1,129.01,6.46,11.27,1.84,2.049256797,1.28,25.64,87.63
1999-01-01,6.2,127.29,5.92,12.44,1.99,2.05388479,0.99,34.02,109.78
1999-02-01,6.2,128.47,5.53,12,1.84,1.95264717,0.85,21.44,37.16
1999-03-01,6.2,131.13,5.42,14.66,2.12,1.963929422,1.09,22.88,49.22
1999-04-01,6,131.27,5.32,17.31,1.97,1.919287341,1.41,21.43,34.73
1999-05-01,6,132.49,5.35,17.74,1.82,1.914713287,0.99,19.48,30.15
1999-06-01,6,132.36,5.22,17.89,1.82,2.028489917,1.04,20.6,58.5
1999-07-01,6.1,129.77,5.17,20.05,1.69,2.015233976,0.73,23.39,89.2
1999-08-01,6.1,130.49,5.25,21.26,1.68,1.889077493,0.68,26.13,77.39
1999-09-01,5.9,132.46,5.41,23.8,1.53,1.910037124,0.79,22.1,64.49
1999-10-01,5.9,133.24,6.03,22.59,1.53,1.95206559,0.69,25.32,64.18
1999-11-01,5.6,133.04,5.87,25.08,1.53,2.012499778,0.72,19.45,56.33
1999-12-01,5.7,133.81,6.06,26.04,1.53,1.814114356,0.96,17.24,115.69
2000-01-01,5.7,134.2,6.14,27.22,1.11,1.715585552,0.69,24.41,47.47
2000-02-01,5.8,133.74,6.24,29.36,1.25,1.863084825,0.73,19.91,53.64
2000-03-01,5.7,133.05,6.23,29.89,0.97,1.87760168,0.54,26.1,49.18
2000-04-01,5.5,135.22,6.3,25.8,0.96,1.860996437,0.53,43.43,86.93
2000-05-01,5.4,132.78,6.3,28.83,0.96,1.924486044,0.99,34.31,95.24
2000-06-01,5.3,129,6.23,31.86,1.24,1.777934049,0.67,24.22,88.46
2000-07-01,5.5,129.04,6.19,29.98,1.24,1.766710207,0.6,20.33,43.26
2000-08-01,5.5,130.17,6.22,31.22,0.96,1.803183889,0.6,18.05,55.6
2000-09-01,5.5,128.58,6.21,33.86,1.37,1.847942639,0.58,18.6,82.07
2000-10-01,5.3,131.85,6.16,33.08,1.37,1.859018144,0.79,28.47,70.28
2000-11-01,5.1,129.67,6.09,34.56,1.51,2.03614963,0.51,30.65,227.22
2000-12-01,5,129.42,5.96,28.39,1.23,1.999826247,0.44,34.11,210.67
2001-01-01,5.1,126.82,5.85,29.48,1.24,1.918606915,0.56,28.86,166.24
2001-02-01,5.1,126.04,5.76,29.58,1.24,2.010681493,0.89,20.95,171.64
2001-03-01,5,127.24,5.55,27.24,1.23,2.035149458,0.71,31.15,133.97
2001-04-01,4.8,128.31,5.4,27.45,1.5,1.987040287,0.4,27.16,155.79
2001-05-01,4.9,129.17,5.25,28.61,1.9,1.876621916,0.68,22.15,114.27
2001-06-01,5.1,128.94,5.26,27.6,1.9,1.903252817,0.82,17.06,61.84
2001-07-01,5.3,129.28,5.25,26.44,1.64,1.993127485,0.7,22.32,89.46
2001-08-01,5.3,128.16,5,27.47,2.05,1.867467488,0.73,19.97,90.25
2001-09-01,5.2,129.66,4.73,26.21,1.63,2.332539447,5.99,42.43,407.94
2001-10-01,5.1,129.02,4.43,22.21,1.49,2.31103297,5.9,29.34,337.92
2001-11-01,5,128.88,4,19.58,1.22,2.218194027,2.81,26.4,197.34
2001-12-01,5.1,129.21,4.05,19.32,1.35,2.047313816,2.15,24.36,96.79
2002-01-01,5.1,128.73,4.05,19.61,1.77,2.023828393,1.64,28.65,137.56
2002-02-01,5.2,128.93,4.05,20.78,1.76,2.006594386,1.46,24.85,60
2002-03-01,5.2,128.18,4.13,24.51,1.76,1.934447949,1.49,17.77,103.15
2002-04-01,5.1,128.84,4.17,26.27,1.61,2.035589817,1.6,20.09,57.96
2002-05-01,5,127.5,4.15,27,1.2,1.998912904,1.72,18.92,103.3
2002-06-01,5.2,126.3,4.18,25.52,1.07,2.146252102,1.5,24.8,68.22
2002-07-01,5.4,128.9,4.06,26.93,1.48,2.10503305,1.21,51.59,114.26
2002-08-01,5.5,129.12,3.99,28.38,1.34,2.116607744,1.31,39.48,131.14
2002-09-01,5.4,130.52,3.99,29.63,1.33,2.250810204,2.34,31.97,178.3
2002-10-01,5.2,130.81,3.96,28.85,1.6,2.206717963,1.96,31.46,120.58
2002-11-01,5,129.77,3.97,26.32,1.6,2.192985379,1.9,23.59,206.87
2002-12-01,4.9,129.66,4.02,29.55,1.73,2.141669217,2.06,24.48,165.02
2003-01-01,5,127.43,3.98,32.91,1.47,2.1966735,2.75,26.34,171.76
2003-02-01,5.2,125.72,3.75,35.92,1.47,2.354166085,3.6,22.73,283.8
2003-03-01,5.1,123.49,3.66,33.22,1.6,2.400071498,5.56,30.03,300.75
2003-04-01,4.9,122.54,3.65,28.36,1.59,2.315130317,3.62,25.45,155.59
2003-05-01,4.8,120.93,3.63,28.22,1.32,2.158211669,2.01,20.71,121.92
2003-06-01,5.1,123.07,3.64,30.72,1.19,2.001906704,1.71,20.11,67.79
2003-07-01,5.2,122.14,3.49,30.75,1.32,1.97331262,1.46,20.69,51.75
2003-08-01,5.3,121.7,3.52,31.59,1.32,1.848927713,1.47,17.65,84.2
2003-09-01,5.1,122.03,3.7,28.45,1.32,1.96997473,1.37,15.38,53.84
2003-10-01,5,123.43,3.8,30.33,1.31,1.963646186,1.1,14.85,33.86
2003-11-01,4.8,124.09,3.98,30.96,1.31,1.962889987,1.49,12.08,30.29
2003-12-01,4.7,124.82,4.02,32.2,1.31,1.917452992,1.31,15,60.48
2004-01-01,4.7,126.91,4.06,34.15,1.45,1.877025616,1.29,16.86,94.51
2004-02-01,4.8,129.95,4.17,34.72,1.45,1.886490725,1.18,12.73,53.07
2004-03-01,4.8,129.04,4.3,36.76,1.18,2.096979495,1.76,15.04,38.92
2004-04-01,4.6,128.85,4.39,36.72,1.04,2.040760524,1.67,16.65,57.16
2004-05-01,4.7,128.41,4.53,40.27,1.43,2.060131,1.23,16.62,92.68
2004-06-01,4.8,130,4.79,38.04,1.56,1.999348069,1.37,14.78,114.74
2004-07-01,4.9,129.82,4.86,40.69,1.44,2.064195836,1.26,17.49,73.35
2004-08-01,4.9,129.02,4.96,44.94,1.43,1.888404168,1.41,15.69,95.12
2004-09-01,4.8,126.7,4.95,45.86,1.17,1.95230801,1.57,14.3,71.32
2004-10-01,4.7,125.38,4.9,53.17,1.3,2.079181246,1.14,15.52,107.7
2004-11-01,4.6,125.34,4.88,48.53,1.56,2.107006346,1.5,13.93,78.58
2004-12-01,4.6,127.59,4.87,43.28,1.68,1.920801382,0.99,17.01,28.59
2005-01-01,4.7,125.31,4.87,46.99,1.69,1.770483809,1.03,17.35,77.83
2005-02-01,4.7,126.13,4.89,47.99,1.68,1.874945436,1.21,13.99,31.34
2005-03-01,4.7,126.16,4.99,54.09,1.94,1.910891089,1,14.57,42.25
2005-04-01,4.6,127.24,4.94,53.04,1.93,1.949780208,0.84,18.87,68.84
2005-05-01,4.6,126.41,4.89,49.92,1.93,1.997561116,1.09,16.54,60.59
2005-06-01,4.7,127.23,4.84,56.31,1.93,1.997430074,0.76,16.72,61.41
2005-07-01,4.9,123.55,4.66,58.71,2.32,1.929827481,3.1,13.62,56.61
2005-08-01,4.9,124.54,4.59,64.97,2.31,1.918187661,1.7,17.18,42.41
2005-09-01,5.1,125.32,4.6,65.66,2.57,2.205393853,1.32,15.09,126.87
2005-10-01,5.1,123.91,4.59,62.37,2.43,1.854427506,0.95,15.21,80.46
2005-11-01,5,123.84,4.62,58.31,2.17,1.979775933,0.97,13.51,32.47
2005-12-01,4.9,123.99,4.64,59.37,2.16,1.788733859,0.93,14.16,78.74
2006-01-01,5.1,122.5,4.6,65.23,2.17,1.92407243,1.21,17.61,62.22
2006-02-01,5.2,122.45,4.58,61.54,2.17,1.782687568,1.24,12.64,60.37
2006-03-01,5.3,121.52,4.59,62.9,2.03,1.902166129,1.04,13.72,46.38
2006-04-01,5.3,121.39,4.63,69.67,2.28,1.949585151,0.98,14.36,57.94
2006-05-01,5.4,125.48,4.7,70.96,2.39,1.91619066,1.04,17.61,95.87
2006-06-01,5.6,125.42,4.73,70.96,2.64,1.953518081,1.26,17.38,91.22
2006-07-01,5.7,125.16,4.73,74.36,2.52,1.913813852,1.69,18.61,120.16
2006-08-01,5.7,127.89,4.94,73.05,2.63,1.769894036,2.15,17.92,134.6
2006-09-01,5.6,128.1,5.03,64.12,2.5,1.885530833,1.38,13.8,35.06
2006-10-01,5.5,128.26,5.13,58.88,2.5,1.852601969,1.25,14.64,36.1
2006-11-01,5.4,128.79,5.23,59.29,2.75,1.8683505,1.01,12.13,48.2
2006-12-01,5.3,130.31,5.29,62.03,2.86,1.874597769,1,15.57,17.62
2007-01-01,5.4,130.65,5.49,54.78,2.62,1.794766798,0.92,14.48,44.72
2007-02-01,5.5,130.09,5.57,59.27,2.74,1.767304317,1.04,15.24,27.48
2007-03-01,5.4,128.19,5.55,60.56,2.99,1.851991748,1.09,26.02,59.73
2007-04-01,5.3,128.62,5.65,63.97,2.72,1.814047721,0.83,18.75,31.23
2007-05-01,5.3,127.93,5.77,63.51,2.46,1.74028372,1.02,16.41,36.28
2007-06-01,5.4,128.84,5.88,67.48,2.45,1.784260583,1.08,18.92,42.46
2007-07-01,5.5,128.87,6.02,74.05,1.96,1.678427322,1.44,25.21,25.43
2007-08-01,5.5,128.32,6.42,72.39,1.96,1.9761665,0.92,40.31,148.93
2007-09-01,5.4,126.5,6.65,79.63,1.95,2.22201375,0.94,25.32,154.14
2007-10-01,5.3,125.7,6.27,85.93,2.2,1.98623413,0.88,22.75,122.14
2007-11-01,5,124.14,6.41,94.77,2.31,1.990072335,0.96,23.47,94.69
2007-12-01,5,122.19,6.36,91.77,2.3,1.991270389,1.11,26.13,125.27
2008-01-01,5.1,116.83,5.66,92.98,2.44,2.204825138,0.69,34.55,238.29
2008-02-01,5.2,116.16,5.64,95.36,2.67,2.109848421,0.71,23.83,102.75
2008-03-01,5.2,114.41,5.9,105.5,2.54,2.145724575,0.64,28.79,161.24
2008-04-01,5,112.39,5.92,112.34,3.01,1.985650974,0.63,22.19,88.15
2008-05-01,5.3,112.41,5.83,125.67,3.36,1.885474303,0.54,18.93,48.32
2008-06-01,5.6,112.69,5.93,133.93,3.71,2.027064062,0.88,18.25,51.21
2008-07-01,5.9,112.43,5.83,133.96,4.21,1.944137073,0.9,27.89,94.88
2008-08-01,6.1,111.44,5.77,116.7,4.44,1.965201701,0.75,18.81,66.79
2008-09-01,6.2,109.73,5.91,104.44,4.79,2.193235942,0.76,55.97,202.17
2008-10-01,6.2,109.34,6.13,76.28,4.18,2.335638401,0.66,69.83,181.9
2008-11-01,6.2,102.88,4.45,56.97,3.8,2.195262958,0.73,36.67,142.71
2008-12-01,6.3,97,3.17,40.64,3.08,2.136022599,0.83,29.52,113.55
2009-01-01,6.6,94.58,2.34,41.63,2.97,2.204092838,0.79,31.16,71.88
2009-02-01,7.1,97.87,2.09,39.08,3.07,2.145196406,0.53,33.24,145.25
2009-03-01,7.2,95.52,1.83,47.98,2.83,2.125351121,0.7,34.06,93.1
2009-04-01,7.4,97.46,1.53,49.91,2.22,2.079181246,0.9,24.75,71.04
2009-05-01,7.7,99.81,1.36,59.26,2.09,2.089763854,0.63,24.98,88.84
2009-06-01,8,104.27,1.24,69.67,1.73,2.053999861,0.69,22.38,44.03
2009-07-01,8.1,103.99,1,64.21,1.62,1.982044979,0.74,20.37,46.6
2009-08-01,8.1,103.96,0.77,71.06,1.38,1.960851154,0.58,19.77,46.05
2009-09-01,8.1,101.14,0.61,69.4,0.91,2.018367578,1.15,18.57,71.18
2009-10-01,7.9,98.74,0.57,75.82,1.26,2.021354713,0.82,19.06,30.45
2009-11-01,7.6,100.91,0.61,77.97,1.49,2.123884293,0.73,19.36,108.77
2009-12-01,7.5,100.38,0.61,74.63,2.07,2.061678615,0.89,14.91,71.08
2010-01-01,7.8,100.9,0.61,78.42,2.54,2.152288344,1.13,22.08,107.87
2010-02-01,8,100.04,0.63,76.31,2.06,2.135895576,0.95,18.2,80.12
2010-03-01,7.8,96.44,0.65,81.24,2.41,2.139375264,0.74,17.01,44.53
2010-04-01,7.8,98.89,0.66,84.5,2.74,2.184066506,0.75,20.62,42.1
2010-05-01,7.8,98.84,0.7,73.84,2.5,2.30815874,0.82,26.77,54.6
2010-06-01,7.9,101.44,0.73,75.35,2.38,2.234010818,0.93,21.08,102.01
2010-07-01,8,101.85,0.74,76.18,2.27,2.270818533,0.93,21.91,159.49
2010-08-01,8,103.69,0.73,76.62,2.38,2.237594001,0.63,16.9,133.64
2010-09-01,8.1,101.49,0.73,75.27,2.38,2.208683161,0.62,17.2,108.2
2010-10-01,8,99.07,0.74,81.9,2.49,2.26983971,0.77,17.02,109.07
2010-11-01,7.7,101,0.74,84.15,2.6,2.23726719,1.05,17.12,114.81
2010-12-01,7.7,100.94,0.75,89.37,3.15,2.262640904,1.04,14.1,77
2011-01-01,7.7,101.28,0.77,89.52,3.38,2.155427139,0.72,18.04,44.67
2011-02-01,7.8,102.53,0.8,89.41,3.71,2.087958789,1,13.26,41.62
2011-03-01,7.6,100.51,0.81,102.94,3.58,2.188647296,1.92,18.44,70.49
2011-04-01,7.6,100.23,0.82,110.15,3.78,2.162892841,1.06,16.57,62.23
2011-05-01,7.8,100.36,0.82,101.3,3.77,2.127817234,1.05,14.91,55.08
2011-06-01,8.1,99.25,0.83,96.29,3.66,2.226084116,0.87,18.84,91.96
2011-07-01,8.4,99.11,0.83,97.08,3.89,2.263399331,0.84,25.28,160.65
2011-08-01,8.6,100.7,0.86,86.33,3.87,2.362293938,0.91,60.87,231.15
2011-09-01,8.6,100.58,0.92,85.65,4.54,2.447251084,0.7,28.1,122.7
2011-10-01,8.5,100.76,0.97,86.41,4.3,2.383366483,0.68,29.69,75.56
2011-11-01,8.3,102.02,1.01,97.11,4.18,2.483729899,0.82,22.29,78.18
2011-12-01,8.2,102.86,1.06,98.57,3.6,2.35958887,0.86,23.17,88.4
2012-01-01,8.2,102.42,1.09,100.1,3.16,2.335919031,0.84,21.88,76.11
2012-02-01,8.2,102.42,1.07,102.3,3.14,2.286546284,1.06,18.29,71.55
2012-03-01,8,102.45,1.04,106.19,3.02,2.249173889,0.93,16.1,30.02
2012-04-01,7.9,104.25,1.02,103.33,2.79,2.336459734,1.09,15.36,62.49
2012-05-01,7.9,105.78,1.01,94.53,2.57,2.370624101,0.76,22.26,61.22
2012-06-01,8.1,104.63,0.95,82.4,2.25,2.388278863,0.93,22.66,131.72
2012-07-01,8.1,106.08,0.82,87.92,2.35,2.315928383,0.87,19.92,123.28
2012-08-01,8.1,106.22,0.7,94.12,2.34,2.178055612,0.7,16.61,107.43
2012-09-01,8.1,106.35,0.65,94.7,2.01,2.322033129,0.6,16.11,136.67
2012-10-01,7.9,105.91,0.54,89.6,2.43,2.340602732,0.77,17.12,89.78
2012-11-01,7.7,106.21,0.52,86.72,2.43,2.368398467,0.78,15.51,126.07
2012-12-01,7.7,106.29,0.52,88.26,2.42,2.333789738,0.73,16.37,104.01
2013-01-01,7.9,104.25,0.51,94.73,2.43,2.379885399,1.1,17.57,97.48
2013-02-01,7.8,101.3,0.51,95.31,2.42,2.288182131,0.71,18.75,77.3
2013-03-01,7.7,100.27,0.51,93.2,2.52,2.389786062,0.81,17.91,74.68
2013-04-01,7.6,101.75,0.51,92.07,2.19,2.313065355,0.86,15.79,34.02
2013-05-01,7.7,102.21,0.51,94.77,2.4,2.143451999,0.97,15.01,35.08
2013-06-01,7.8,102.7,0.51,95.77,2.51,2.249271753,0.89,16.89,55.34
2013-07-01,7.9,101.54,0.51,104.43,2.4,2.221961652,0.82,15.04,51.46
2013-08-01,7.8,103.06,0.51,106.44,2.39,2.164471824,1.21,13.4,76.71
2013-09-01,7.6,105.28,0.52,106.4,2.39,2.254572244,1.18,19.15,93.53
2013-10-01,7.2,105.18,0.52,100.56,2.07,2.32331399,0.78,19.51,159.46
2013-11-01,7.1,106.42,0.52,93.85,1.86,2.195096711,0.91,15.26,67.16
2013-12-01,7,107.85,0.52,97.89,1.95,2.198657087,0.6,15.09,95.23
2014-01-01,6.8,108.78,0.52,94.96,1.75,2.188928484,0.68,15.26,76.32
2014-02-01,6.7,109.39,0.52,100.71,1.64,2.171550946,0.59,11.62,44.06
2014-03-01,6.5,108.89,0.52,100.57,1.53,2.195456834,1.51,15.19,45.16
2014-04-01,6.2,109.83,0.53,102.18,1.63,2.066288645,0.79,18.06,25.73
2014-05-01,6.2,110.46,0.53,102,1.43,2.16521464,0.73,13.74,30.26
2014-06-01,6.3,111.66,0.54,105.23,1.84,2.048441804,0.96,11.84,18.68
2014-07-01,6.2,112.86,0.56,102.95,1.63,2.078927834,1.42,14.06,42.37
2014-08-01,6.2,111.87,0.56,96.32,1.52,2.124895305,1.29,14.35,34.96
2014-09-01,6.2,111.29,0.56,93.27,1.32,2.279256177,1.54,11.19,45.64
2014-10-01,5.9,111.19,0.56,84.41,1.32,2.176178109,1.01,21.93,41.27
2014-11-01,5.6,110.56,0.56,75.71,1.11,2.183041957,0.99,13.89,32.11
2014-12-01,5.5,111.27,0.56,59.14,0.71,2.245562017,0.81,14.29,37.35
2015-01-01,5.5,111.52,0.56,47.56,0.51,2.227861006,1.11,23.34,51.94
2015-02-01,5.5,113.96,0.56,50.86,0.4,2.190583796,1.09,14.08,36.31
2015-03-01,5.4,113.99,0.56,47.78,0.3,2.119750624,0.95,12.38,33.93
2015-04-01,5.4,113.44,0.57,54.38,0.3,2.16826171,0.78,14.47,35.8
2015-05-01,5.5,115.12,0.57,59.39,0.5,2.219007878,0.56,11.77,31.08
2015-06-01,5.6,116.12,0.57,59.83,0.3,2.287689784,0.74,14.93,33.04
2015-07-01,5.6,117.74,0.58,51.2,0.4,2.265972831,1.1,23.86,52.28
2015-08-01,5.5,118.6,0.59,42.91,0.4,2.157486989,0.71,31.48,74.79
2015-09-01,5.4,116.41,0.59,45.51,0.2,2.288830281,1.06,24.71,104.99
2015-10-01,5.1,115.84,0.58,46.27,0.2,2.217036259,1.01,19.64,63.59
2015-11-01,4.9,118.26,0.57,42.59,0.4,2.215901813,1.58,13.43,35.15
2015-12-01,4.9,116.18,0.58,37.4,0.5,2.168556407,1.3,16.98,60.36
2016-01-01,5,112.4,0.59,31.78,0.71,2.321681264,1.02,28.64,55.46
2016-02-01,5.1,109.89,0.59,30.38,0.6,2.357534655,0.95,24.87,65.96
2016-03-01,4.9,108.29,0.59,37.9,0.8,2.357458386,0.97,17.74,50.41
2016-04-01,4.8,106.97,0.59,41.03,0.7,2.315991325,0.9,13.3,37.05
2016-05-01,4.9,109.31,0.59,46.84,0.7,2.297672987,1.01,14.47,39.75
2016-06-01,5,107.13,0.57,48.79,0.9,2.636768643,1.04,20.14,170.22
2016-07-01,5.2,100.3,0.51,44.9,0.9,2.627754908,1.09,16.57,116.08
2016-08-01,5,99.13,0.41,44.75,0.9,2.329133357,0.75,14.33,65.27
2016-09-01,5,99.5,0.38,45.2,1.3,2.366796383,0.85,13.76,39.37
2016-10-01,4.8,94.28,0.4,49.81,1.3,2.383150854,0.78,13.28,54.64
2016-11-01,4.6,97.2,0.4,45.47,1.5,2.594204647,0.72,18.36,111.16
2016-12-01,4.6,99.63,0.37,52.05,1.79,2.46004043,0.72,12.27,86.74
2017-01-01,4.6,97.57,0.36,52.56,1.9,2.505177121,0.82,17.74,86.05
2017-02-01,4.6,98.49,0.36,53.45,2.3,2.3748766,0.9,15.7,99.29
2017-03-01,4.4,97.23,0.35,49.36,2.29,2.426625106,0.93,14.35,50.94
2017-04-01,4.3,99.18,0.34,51.17,2.58,2.396582892,0.84,17.04,36.37
2017-05-01,4.4,100.14,0.31,48.56,2.68,2.295764961,1,11.8,42.43
2017-06-01,4.4,97.97,0.29,45.19,2.48,2.43836828,1.57,12.23,47.23
2017-07-01,4.5,98.03,0.29,46.58,2.58,2.258685163,0.69,14.35,38.02
2017-08-01,4.5,96.45,0.28,48.05,2.77,2.17525081,0.97,16.16,23.32
2017-09-01,4.4,98.3,0.31,49.74,2.76,2.313382058,1.15,9.57,35.04
2017-10-01,4.3,98.55,0.38,51.57,2.76,2.356465668,0.98,12.17,47.63
2017-11-01,4.2,99.28,0.52,56.74,2.85,2.361179902,0.5,15.36,21.47
2017-12-01,4.2,100.07,0.52,57.92,2.74,2.239024047,0.63,18.27,26.8
2018-01-01,4.1,100.28,0.52,63.58,2.65,2.293229925,0.72,17.54,31.99
2018-02-01,4.2,100.54,0.55,62.23,2.44,2.130848183,0.67,26.63,43.19
2018-03-01,4.1,100.52,0.63,62.83,2.34,2.244475045,1.55,17.6,27.38
2018-04-01,4,101.8,0.76,66.31,2.23,2.1766121,1.66,17.06,30.69
2018-05-01,4,100.25,0.64,69.9,2.32,2.351255034,1.37,15.95,29.95
2018-06-01,4.1,99.85,0.64,67.88,2.32,2.367747169,1.06,12.35,29.21
2018-07-01,4.2,99.68,0.75,71.07,2.32,2.318626717,1.11,12.58,62.89
2018-08-01,4.3,99.25,0.81,67.93,2.4,2.22227415,1.17,14.98,41.68
2018-09-01,4.3,100.09,0.8,70.19,2.21,2.311329952,0.68,18.34,20.15
2018-10-01,4.1,100.41,0.81,70.75,2.2,2.39104102,0.85,24.37,34.81
2018-11-01,3.9,100.64,0.87,56.19,2.1,2.363931473,0.93,22.66,42.65
2018-12-01,3.8,98.85,0.9,48.92,2,2.440452518,1.06,39.39,151.21
2019-01-01,3.9,99.5,0.92,51.23,1.82,2.393890939,0.78,38.01,144.44
2019-02-01,3.8,100.71,0.88,55,1.81,2.362010979,1.02,16.68,68.14
2019-03-01,3.7,101.92,0.84,58.17,1.81,2.360555548,0.71,20.77,55.81
2019-04-01,3.6,101.36,0.82,63.87,1.99,2.330819466,0.81,18.81,34.85
2019-05-01,3.8,100.75,0.8,60.74,1.89,2.292942423,1.31,19.53,52.62
2019-06-01,3.9,98.64,0.78,54.67,1.89,2.312896352,0.99,19.79,146.16
2019-07-01,4,97.24,0.77,57.38,1.98,2.361236617,1.23,21.45,100.78
2019-08-01,4,96.13,0.76,54.83,1.69,2.442542479,1.15,30.88,276.78
2019-09-01,4,98.27,0.77,56.86,1.69,2.389414182,0.96,16.24,128.29
2019-10-01,3.9,99.63,0.78,53.96,1.5,2.398929073,1.1,13.92,91.94
2019-11-01,3.7,101.71,0.79,56.68,1.5,2.34752516,0.81,18.75,65.24
2019-12-01,3.8,102.77,0.79,59.87,1.31,2.3728936,0.81,21.41,91.53
2020-01-01,3.9,102.26,0.74,57.72,1.79,2.299332936,1.69,15.69,86.04
2020-02-01,4,102.92,0.75,50.61,1.69,2.311414767,0.82,24.44,97.59
2020-03-01,3.9,98.39,0.53,29.32,1.5,2.557952096,0.84,63.36,304.07
2020-04-01,3.9,100.51,0.65,16.98,0.93,2.474070503,0.61,38.32,204.49
2020-05-01,4,99.4,0.33,28.78,0.65,2.450633951,0.6,35.74,181.89
2020-06-01,4.3,98.66,0.19,38.31,0.83,2.393838332,0.66,37.05,165.42
2020-07-01,4.7,98.96,0.1,40.72,1.11,2.395885286,0.66,28.31,116.5
2020-08-01,5.1,100.2,0.07,42.37,0.46,2.328563069,0.58,29.67,91.37
2020-09-01,5.3,99.36,0.06,39.6,0.74,2.444965523,0.73,20.93,124.03
2020-10-01,5.3,99.32,0.05,39.41,0.83,2.493569573,0.66,30.43,108.1
2020-11-01,5.2,100.21,0.04,41.39,0.55,2.516072409,0.64,20.5,146.9
2020-12-01,5.1,99.81,0.03,47.07,0.83,2.32006316,0.44,22.39,80.54
2021-01-01,5.1,100.5,0.03,51.85,0.92,2.364325817,0.56,26.76,71.01
2021-02-01,4.9,102.07,0.05,59.23,0.74,2.267828542,0.71,24.27,46.03
2021-03-01,4.7,103.41,0.08,62.18,1.01,2.337399354,0.73,29.48,62.32
2021-04-01,4.6,103.35,0.09,61.42,1.66,2.254451395,0.8,24.68,29.81
2021-05-01,4.6,104.23,0.08,65.16,2.21,2.150418694,0.89,19.79,49.03
2021-06-01,4.6,104.48,0.08,71.38,2.39,2.183582992,0.73,21.95,64.35
2021-07-01,4.6,104.11,0.08,72.59,2.01,2.295303145,0.54,16.62,76.99
2021-08-01,4.5,104.73,0.07,67.87,3.03,2.272329043,0.96,19.64,52.73
2021-09-01,4.4,104.06,0.07,71.54,2.93,2.315403505,1.03,23.48,79.62
2021-10-01,4.2,105.13,0.16,81.36,3.85,2.297782389,0.7,19.68,65.5
2021-11-01,4.1,104.91,0.13,79.1,4.58,2.392010683,1,14.14,53.98
2021-12-01,4,104.88,0.16,71.8,4.84,2.47444938,1.18,16.7,153.26
2022-01-01,3.8,105.57,0.53,83.28,4.85,2.422639077,1.72,20.5,156.33
2022-02-01,3.7,105.17,0.81,91.61,5.48,2.343349502,2.9,23.03,110.06
2022-03-01,3.6,104.11,0.99,108.4,6.2,2.593297146,3.91,23.05,189.91
2022-04-01,3.5,105.16,1.13,101.99,7.79,2.524616784,2.4,20.31,131.1
2022-05-01,3.6,103.36,1.31,109.71,7.84,2.516508932,1.69,27.86,149.56
2022-06-01,3.6,102.62,1.57,114.68,8.17,2.521961416,1.61,17.1,138.59
2022-07-01,3.6,102.62,1.84,101.92,8.8,2.606284606,1.13,24.54,161.92
2022-08-01,3.9,103.03,2.23,93.69,8.65,2.515767905,1.15,14.14,120.39
2022-09-01,4,99.26,2.91,84.4,8.81,2.598571663,1.35,16.86,149
2022-10-01,3.9,101.31,3.39,87.29,9.61,2.621819973,1.26,20.87,204.49
2022-11-01,3.9,102.95,3.52,84.08,9.38,2.552777688,1.09,17.71,195.66
2022-12-01,3.8,104.35,3.78,76.58,9.24,2.446614824,1.04,21.68,163.29
2023-01-01,3.9,101.94,4.01,78.25,8.9,2.449910165,1.08,20.09,304.29
2023-02-01,3.9,102.15,4.21,77.03,9.19,2.435207103,1.05,18.83,131.19
2023-03-01,3.7,103.09,4.33,73.35,8.84,2.511575905,0.91,31.19,212.84
2023-04-01,3.8,105.01,4.52,79.13,7.82,2.387799009,0.99,21.04,161.57
2023-05-01,4.1,106.86,4.73,71.67,7.85,2.424080883,1.08,23.97,263.03
2023-06-01,4.3,108.87,5.09,70.31,7.39,2.393066035,1.11,18.83,117.09
2023-07-01,4.4,109.19,5.49,75.77,6.44,2.420895977,1.02,18.11,129.85
2023-08-01,4.2,108.78,5.53,81.37,6.24,2.459332165,1.11,17.28,135.35
2023-09-01,4.1,108.1,5.52,89.24,6.38,2.504484455,1.18,19.57,85.75
2023-10-01,4,106.84,5.4,85.47,4.75,2.497233824,2.23,16.61,185.54
2023-11-01,3.8,107.17,5.36,77.58,4.17,2.499370867,1.45,18.77,132.07
2023-12-01,4,108.35,5.34,72.02,4.15,2.449802264,1.6,17.59,194.91
2024-01-01,4.2,108.34,5.32,74,4.17,2.509753444,1.88,19.3,109.58
2024-02-01,4.3,108.49,5.33,77.36,3.81,2.442448411,1.65,17.12,126.42
2024-03-01,4.3,109.08,5.32,81.41,3.79,2.364213184,1.38,21.22,79.93